cycle_id,winding_speed_rpm,wire_tension_N,spindle_torque_Nm,wire_diameter_mm,num_turns,winding_temp_C,tension_mean_N,tension_std_N,tension_peak_N,power_mean_W,power_std_W,temp_max_C,temp_gradient,is_anomaly,anomaly_type
CYC_0001,493.0,11.12,1.758,1.0,74,32.1,11.448,0.701,13.134,89.79,3.739,39.1,0.1853,0,normal
CYC_0002,544.6,16.91,2.317,0.71,81,26.2,16.325,0.736,17.713,134.28,3.362,28.1,0.1212,0,normal
CYC_0003,321.4,15.97,2.768,0.71,83,31.5,16.182,0.634,16.994,92.79,3.496,33.2,0.0761,0,normal
CYC_0004,372.6,12.03,2.266,0.71,76,51.2,12.384,0.769,13.966,87.2,4.287,56.9,0.211,0,normal
CYC_0005,572.3,14.85,2.343,0.5,78,46.3,14.266,0.908,16.594,141.21,3.285,48.2,0.1096,0,normal
CYC_0006,402.2,8.18,1.591,0.3,51,46.7,8.127,0.757,9.773,68.31,1.499,54.1,0.1227,0,normal
CYC_0007,307.0,15.22,1.714,0.71,90,44.3,15.357,0.774,16.216,57.11,1.604,45.3,0.1351,0,normal
CYC_0008,368.4,16.38,2.35,0.71,68,54.3,16.317,0.721,18.164,90.53,3.283,61.6,0.1244,0,normal
CYC_0009,322.4,10.24,3.224,1.0,71,43.0,10.317,0.512,12.116,102.17,2.903,47.6,0.2117,0,normal
CYC_0010,324.8,17.83,2.778,0.5,84,38.1,17.525,1.982,23.789,92.13,3.37,41.8,0.1499,1,tension_spike
CYC_0011,512.4,8.91,1.726,0.3,68,54.9,8.76,0.805,11.214,93.07,4.691,57.6,0.2319,0,normal
CYC_0012,401.7,16.97,2.222,0.3,95,35.1,17.293,0.924,18.16,97.62,4.211,37.0,0.1701,0,normal
CYC_0013,353.7,10.61,2.393,0.71,99,49.8,10.631,1.083,12.724,211.42,15.417,55.2,0.0976,1,power_surge
CYC_0014,393.3,13.84,3.1,0.3,96,34.8,13.644,1.055,14.665,123.48,3.832,38.3,0.1892,0,normal
CYC_0015,305.5,16.46,3.462,0.5,82,30.0,16.679,1.14,18.573,109.72,3.19,34.8,0.0796,0,normal
CYC_0016,525.2,12.62,2.102,0.3,59,37.8,12.629,1.038,14.735,114.34,2.612,40.2,0.2159,0,normal
CYC_0017,586.7,11.13,1.631,0.71,97,33.6,11.085,0.998,11.821,71.82,6.048,37.1,0.2325,1,speed_instability
CYC_0018,482.3,9.43,1.949,0.5,51,51.8,9.539,0.433,10.066,96.41,5.114,57.9,0.1287,0,normal
CYC_0019,422.7,16.31,1.683,0.71,80,44.4,16.245,0.788,17.398,75.2,3.861,50.0,0.2433,0,normal
CYC_0020,438.1,14.48,2.886,0.5,90,38.8,14.038,0.446,16.149,133.5,6.399,55.0,0.266,1,overheating
CYC_0021,483.4,15.78,2.893,0.5,87,46.1,16.001,0.942,23.896,231.38,6.457,61.0,0.062,1,combined_stress
CYC_0022,411.3,16.58,2.951,0.71,94,50.0,16.576,0.924,18.142,130.28,7.545,68.4,0.2469,1,overheating
CYC_0023,567.0,16.17,3.073,0.5,54,49.5,16.738,1.16,17.777,180.15,7.043,51.3,0.0671,0,normal
CYC_0024,308.0,14.2,1.817,0.3,75,43.3,14.901,1.077,17.392,54.11,2.449,49.9,0.0763,0,normal
CYC_0025,531.4,8.74,2.932,0.3,70,32.3,8.711,0.726,10.216,162.17,8.737,39.4,0.2129,0,normal
CYC_0026,471.3,16.42,3.254,0.3,58,50.2,16.452,0.933,18.118,156.93,7.519,65.2,0.1821,1,overheating
CYC_0027,534.5,15.02,2.793,1.0,87,34.4,15.244,0.769,20.341,182.73,8.636,51.5,0.1504,1,combined_stress
CYC_0028,507.6,15.99,3.475,0.71,67,28.4,15.437,0.479,16.688,183.74,4.469,34.6,0.2239,0,normal
CYC_0029,490.9,13.36,1.553,1.0,74,53.1,13.594,0.318,15.751,82.23,2.737,59.2,0.1274,0,normal
CYC_0030,313.8,11.59,2.867,1.0,56,37.4,11.551,0.67,13.298,95.51,5.664,44.3,0.0999,0,normal
CYC_0031,824.7,10.39,2.27,1.0,78,45.3,10.311,1.268,12.485,141.63,12.004,52.4,0.1716,1,speed_instability
CYC_0032,556.6,11.92,3.202,0.3,64,30.4,11.92,1.022,12.498,191.37,10.061,32.6,0.2204,0,normal
CYC_0033,383.6,11.53,3.116,0.71,68,51.3,11.712,1.129,18.544,121.2,3.953,55.0,0.1971,1,tension_spike
CYC_0034,367.9,14.22,1.93,0.71,65,39.8,14.23,0.866,15.139,76.65,2.27,42.6,0.2435,0,normal
CYC_0035,519.6,13.05,2.653,1.0,70,25.7,13.472,0.769,14.478,146.2,5.509,32.6,0.1141,0,normal
CYC_0036,334.8,13.23,1.94,0.5,76,33.2,13.493,0.962,15.521,67.61,1.412,40.6,0.1593,0,normal
CYC_0037,871.4,13.11,3.475,1.0,67,26.7,13.145,1.031,14.322,187.28,12.178,31.6,0.2283,1,speed_instability
CYC_0038,531.7,8.12,2.247,0.3,69,45.8,8.664,0.519,9.292,124.24,3.742,47.8,0.117,0,normal
CYC_0039,348.2,14.9,2.479,0.3,83,51.0,14.708,0.487,16.505,92.25,2.308,58.4,0.2209,0,normal
CYC_0040,407.0,13.83,2.382,1.0,74,38.7,13.754,0.828,15.514,101.78,5.368,44.5,0.0792,0,normal
CYC_0041,520.5,9.82,1.705,0.3,95,54.6,9.759,0.839,11.817,90.9,4.869,57.8,0.0673,0,normal
CYC_0042,468.4,9.88,2.294,0.3,56,45.7,9.922,0.517,10.643,111.68,2.819,46.9,0.1186,0,normal
CYC_0043,368.2,10.42,3.495,1.0,60,28.2,10.478,1.52,16.504,136.53,3.783,32.3,0.1405,1,tension_spike
CYC_0044,498.0,10.4,2.491,0.5,75,34.8,9.739,0.551,11.686,127.4,4.214,42.6,0.0502,0,normal
CYC_0045,584.7,9.01,1.853,1.0,52,25.9,9.172,0.611,10.214,112.28,4.028,28.6,0.1882,0,normal
CYC_0046,322.2,13.54,2.818,1.0,84,54.6,12.867,1.221,13.479,95.77,3.158,61.9,0.1264,0,normal
CYC_0047,412.4,9.03,2.914,0.71,54,47.7,8.818,0.975,9.349,124.24,2.74,49.1,0.1095,0,normal
CYC_0048,591.0,17.5,3.178,1.0,77,38.5,17.27,1.041,17.787,198.65,5.159,46.5,0.2143,0,normal
CYC_0049,355.3,13.69,3.004,1.0,88,40.8,13.149,0.802,15.484,113.78,2.374,58.2,0.5515,1,overheating
CYC_0050,387.6,8.91,2.167,0.5,97,38.0,8.62,0.969,10.347,86.65,2.633,42.4,0.237,0,normal
CYC_0051,301.7,8.43,2.788,1.0,93,48.4,8.341,1.047,9.425,87.52,2.111,52.2,0.1771,0,normal
CYC_0052,577.4,12.93,1.713,0.71,59,54.1,12.895,0.805,14.772,103.37,6.184,57.3,0.1393,0,normal
CYC_0053,366.6,18.0,3.17,1.0,74,46.6,17.839,0.792,19.777,118.9,6.146,53.2,0.0599,0,normal
CYC_0054,857.5,12.46,1.95,1.0,71,37.8,12.26,1.301,12.871,121.38,11.294,44.8,0.1323,1,speed_instability
CYC_0055,489.9,11.46,2.68,1.0,87,40.6,11.459,1.112,12.861,137.54,3.457,44.3,0.1956,0,normal
CYC_0056,576.6,12.93,1.881,0.5,83,37.9,12.928,0.637,14.597,108.95,5.886,41.2,0.2027,0,normal
CYC_0057,315.4,13.2,3.248,1.0,83,54.6,13.423,0.928,14.392,107.78,2.736,59.3,0.1367,0,normal
CYC_0058,429.6,14.73,1.61,0.3,59,44.6,14.707,0.67,16.076,73.09,2.608,45.7,0.2208,0,normal
CYC_0059,481.9,9.21,3.113,0.3,73,44.9,9.237,0.796,11.492,153.7,4.823,47.5,0.1156,0,normal
CYC_0060,407.5,17.69,1.554,1.0,81,29.3,17.544,0.745,19.026,66.85,3.146,37.2,0.0765,0,normal
CYC_0061,692.8,14.87,3.451,1.0,69,50.5,14.521,0.904,16.502,150.2,10.899,55.9,0.1824,1,speed_instability
CYC_0062,342.0,14.06,3.037,1.0,98,28.2,14.533,0.654,15.516,106.6,4.938,30.4,0.1817,0,normal
CYC_0063,384.0,15.41,3.119,1.0,94,28.0,15.028,0.808,16.351,126.12,6.165,33.2,0.1411,0,normal
CYC_0064,449.5,17.55,2.778,0.5,88,43.9,17.75,0.776,22.418,183.87,7.252,56.3,0.1995,1,combined_stress
CYC_0065,334.8,13.23,1.944,1.0,79,40.0,13.529,0.873,15.883,65.64,2.873,42.4,0.0893,0,normal
CYC_0066,432.0,8.81,2.765,0.71,90,30.6,9.01,1.025,10.856,124.32,2.89,34.9,0.1791,0,normal
CYC_0067,346.4,10.42,1.663,0.5,54,35.3,10.27,1.445,11.137,117.47,7.012,43.0,0.0623,1,power_surge
CYC_0068,393.5,17.86,1.671,1.0,76,28.9,17.949,0.768,19.538,66.52,2.868,31.6,0.1048,0,normal
CYC_0069,493.6,10.69,1.631,0.71,94,31.1,10.71,0.728,12.713,84.6,3.575,34.2,0.1565,0,normal
CYC_0070,423.8,13.86,2.664,0.71,51,54.7,13.796,0.985,15.273,117.7,6.488,58.7,0.2003,0,normal
CYC_0071,497.6,14.28,2.895,0.3,67,49.6,14.627,0.714,16.985,151.74,5.178,51.0,0.226,0,normal
CYC_0072,442.0,11.01,2.196,0.5,73,28.2,10.761,0.58,12.99,101.47,3.575,32.2,0.2427,0,normal
CYC_0073,495.0,11.98,2.859,0.71,98,47.9,11.624,0.456,14.002,152.13,6.99,51.4,0.1606,0,normal
CYC_0074,309.2,11.24,3.385,0.71,73,32.1,10.696,0.807,11.571,109.96,2.457,35.2,0.098,0,normal
CYC_0075,352.0,17.65,3.255,0.3,91,51.9,18.351,0.891,20.347,119.46,3.713,55.9,0.244,0,normal
CYC_0076,517.8,8.63,3.49,0.3,93,36.4,8.568,0.54,10.864,191.56,4.992,41.0,0.1025,0,normal
CYC_0077,407.8,9.87,2.209,0.71,68,51.1,9.576,0.75,10.23,93.24,5.159,56.4,0.2345,0,normal
CYC_0078,596.1,17.63,3.392,0.5,79,33.7,17.723,0.758,20.096,208.8,10.569,41.7,0.0638,0,normal
CYC_0079,394.9,8.89,1.767,0.71,59,42.5,9.259,2.647,13.536,68.62,3.217,45.2,0.1618,1,tension_spike
CYC_0080,866.9,10.18,2.799,0.5,85,49.6,10.05,1.458,10.804,169.97,7.509,51.2,0.1467,1,speed_instability
CYC_0081,595.7,16.77,2.338,0.3,88,39.6,16.871,0.582,18.229,148.68,5.364,45.1,0.1983,0,normal
CYC_0082,399.3,12.55,1.539,0.3,61,41.8,12.376,0.652,13.695,61.9,2.663,46.2,0.1786,0,normal
CYC_0083,739.5,12.11,2.721,0.3,78,35.6,12.682,1.313,14.388,131.27,10.008,40.0,0.1853,1,speed_instability
CYC_0084,453.6,11.97,2.965,1.0,60,50.6,11.676,0.81,13.967,138.51,4.924,57.9,0.0932,0,normal
CYC_0085,514.4,9.81,3.411,0.3,93,53.0,10.151,1.064,11.134,182.63,10.745,57.6,0.107,0,normal
CYC_0086,335.9,12.56,2.945,0.71,95,36.9,12.526,0.838,14.789,101.75,5.076,41.9,0.086,0,normal
CYC_0087,402.3,12.59,2.168,0.3,53,29.9,13.279,0.91,14.9,89.18,3.681,36.2,0.1915,0,normal
CYC_0088,605.2,9.39,1.813,0.3,93,34.3,8.956,1.446,10.909,70.33,7.808,39.2,0.1715,1,speed_instability
CYC_0089,307.6,12.72,1.948,0.3,63,53.7,13.004,0.891,14.658,63.04,1.463,57.6,0.0713,0,normal
CYC_0090,510.6,17.69,1.937,1.0,70,48.9,17.206,0.68,18.979,103.49,6.021,56.1,0.1981,0,normal
CYC_0091,509.0,13.43,2.184,0.3,66,36.7,13.42,0.879,15.595,116.25,4.705,40.1,0.1392,0,normal
CYC_0092,435.0,13.45,2.015,0.5,64,43.8,13.46,0.858,14.365,91.14,2.957,58.9,0.2966,1,overheating
CYC_0093,437.5,10.48,2.17,1.0,70,48.4,10.362,0.741,10.969,97.74,4.321,55.5,0.1102,0,normal
CYC_0094,586.5,13.74,2.81,0.71,85,39.6,13.736,0.752,14.496,175.86,3.8,47.5,0.1464,0,normal
CYC_0095,416.8,12.43,2.146,0.71,95,51.7,12.434,0.623,16.559,143.07,3.036,64.6,0.0919,1,combined_stress
CYC_0096,313.6,13.44,2.817,1.0,75,41.5,13.355,0.77,15.269,91.56,3.452,47.5,0.1651,0,normal
CYC_0097,518.9,8.45,2.805,0.5,70,27.6,8.684,1.015,9.504,150.66,4.377,32.7,0.2148,0,normal
CYC_0098,518.7,17.93,1.812,0.5,98,28.1,18.321,0.897,19.424,94.51,4.438,35.8,0.1693,0,normal
CYC_0099,452.7,8.49,1.712,0.71,51,37.6,8.756,0.848,10.718,77.75,2.931,50.7,0.4969,1,overheating
CYC_0100,355.0,12.48,2.538,1.0,79,31.6,12.638,1.001,14.967,94.1,4.441,35.3,0.0994,0,normal
CYC_0101,555.9,12.98,1.543,1.0,96,45.5,13.238,0.726,15.555,89.19,4.482,52.5,0.0884,0,normal
CYC_0102,786.4,13.26,2.428,0.5,82,38.8,13.47,1.194,14.627,144.41,9.947,41.7,0.1974,1,speed_instability
CYC_0103,387.4,15.52,2.17,1.0,87,33.2,15.303,0.838,17.25,88.66,4.246,38.9,0.0526,0,normal
CYC_0104,498.1,8.66,3.224,1.0,58,35.5,8.531,1.164,9.111,172.15,4.663,38.8,0.1762,0,normal
CYC_0105,304.3,14.65,1.662,1.0,82,46.5,14.452,0.875,14.981,54.43,3.158,47.5,0.1721,0,normal
CYC_0106,326.5,8.11,1.573,0.5,60,31.0,8.193,0.838,9.77,54.88,1.54,37.1,0.0717,0,normal
CYC_0107,459.4,8.52,3.438,0.3,70,39.4,8.164,0.935,8.742,164.83,5.91,43.5,0.059,0,normal
CYC_0108,489.3,10.52,3.158,0.5,85,51.0,10.474,1.197,11.942,163.44,9.139,53.1,0.2406,0,normal
CYC_0109,527.4,16.15,2.492,1.0,99,43.3,16.23,0.598,17.194,139.93,7.331,45.8,0.2326,0,normal
CYC_0110,336.0,17.97,3.469,0.5,86,31.9,18.164,0.907,20.129,124.38,5.853,35.9,0.1014,0,normal
CYC_0111,510.9,10.47,3.329,0.5,57,45.4,10.501,0.68,11.333,178.53,5.513,48.3,0.1348,0,normal
CYC_0112,308.1,16.67,2.763,1.0,80,46.5,16.353,0.824,18.41,155.4,10.124,52.7,0.2346,1,power_surge
CYC_0113,312.2,16.77,1.652,0.71,55,28.7,16.42,0.954,18.445,53.07,1.244,34.9,0.1187,0,normal
CYC_0114,535.6,13.5,3.34,1.0,80,44.2,13.647,1.074,15.575,186.84,5.959,47.5,0.2276,0,normal
CYC_0115,543.2,12.6,1.713,0.71,85,42.2,12.257,1.026,12.826,150.41,6.413,43.5,0.1135,1,power_surge
CYC_0116,401.4,10.58,1.679,0.71,85,28.6,10.44,0.877,11.322,69.94,3.083,32.5,0.2445,0,normal
CYC_0117,590.0,14.79,1.549,0.71,64,50.1,15.177,0.942,17.458,95.4,4.486,57.8,0.2024,0,normal
CYC_0118,307.3,10.42,2.95,0.71,60,46.1,10.616,0.719,12.68,94.72,4.553,48.0,0.1106,0,normal
CYC_0119,356.0,16.11,3.397,0.5,93,46.9,15.422,0.851,17.276,124.26,5.288,49.2,0.2269,0,normal
CYC_0120,310.3,11.74,1.856,1.0,59,48.1,11.663,0.946,13.84,63.02,3.752,51.1,0.0675,0,normal
CYC_0121,497.3,9.85,2.895,0.71,94,34.5,9.633,1.076,10.27,148.33,4.353,36.2,0.1771,0,normal
CYC_0122,507.3,9.47,2.69,0.5,68,38.4,9.598,0.657,10.134,140.98,3.365,45.4,0.1354,0,normal
CYC_0123,464.8,17.38,3.277,0.71,55,26.8,17.972,0.839,20.467,162.45,8.935,33.1,0.1902,0,normal
CYC_0124,446.8,13.61,3.329,0.71,95,46.8,13.62,0.924,14.952,154.79,3.736,47.9,0.1746,0,normal
CYC_0125,450.8,16.95,2.693,0.5,98,40.5,17.299,1.327,19.408,128.82,5.581,48.1,0.236,0,normal
CYC_0126,417.9,15.47,3.189,0.3,97,53.6,15.327,0.762,16.263,142.08,4.591,60.6,0.1834,0,normal
CYC_0127,306.6,13.83,2.049,0.5,88,54.2,13.87,0.708,18.628,92.01,1.729,72.0,0.0572,1,combined_stress
CYC_0128,569.6,8.89,2.964,1.0,52,47.1,8.968,0.625,9.602,174.58,3.671,53.3,0.0739,0,normal
CYC_0129,545.4,12.15,2.037,0.71,78,30.5,12.018,0.651,13.906,119.54,5.809,31.6,0.1178,0,normal
CYC_0130,374.3,9.64,2.02,0.5,70,41.2,10.167,0.744,11.293,81.67,3.83,43.6,0.0612,0,normal
CYC_0131,351.2,15.62,2.405,0.5,64,31.9,16.026,0.794,17.022,86.91,4.078,35.1,0.1589,0,normal
CYC_0132,542.4,16.66,2.319,0.3,80,49.5,16.856,0.838,18.462,132.47,7.764,55.7,0.2432,0,normal
CYC_0133,304.3,11.48,1.725,1.0,63,25.8,11.93,0.895,13.887,55.2,3.213,51.2,0.4629,1,overheating
CYC_0134,543.0,16.97,1.967,0.71,95,47.2,16.919,0.56,19.063,112.79,5.232,54.0,0.1974,0,normal
CYC_0135,588.7,17.54,2.048,0.71,54,32.7,17.059,0.879,18.267,124.97,5.667,35.9,0.139,0,normal
CYC_0136,358.8,12.69,2.444,0.5,59,39.7,12.673,0.814,13.711,95.12,5.457,43.7,0.2463,0,normal
CYC_0137,570.1,9.82,2.044,0.5,59,30.1,9.757,0.799,11.84,118.75,5.379,37.9,0.0806,0,normal
CYC_0138,436.8,8.58,2.575,0.5,66,37.6,8.887,0.847,9.871,114.32,6.382,38.8,0.2139,0,normal
CYC_0139,457.4,11.29,2.298,1.0,57,45.4,11.277,0.542,12.294,109.11,2.334,47.0,0.0838,0,normal
CYC_0140,522.2,9.53,2.975,0.5,55,26.4,9.973,0.65,12.289,161.0,5.505,28.8,0.1616,0,normal
CYC_0141,342.3,10.86,1.81,1.0,74,36.8,10.616,0.233,11.971,68.3,4.076,41.6,0.2275,0,normal
CYC_0142,301.5,13.03,1.999,0.5,73,42.6,12.914,0.648,13.548,60.92,1.697,49.0,0.1447,0,normal
CYC_0143,421.7,10.17,2.921,1.0,67,28.9,10.124,0.954,10.854,130.15,6.772,50.9,0.4386,1,overheating
CYC_0144,531.3,12.64,2.836,1.0,72,49.0,12.749,0.451,13.827,158.56,7.014,52.5,0.1868,0,normal
CYC_0145,395.1,15.45,3.098,1.0,58,42.1,15.126,0.948,17.404,129.46,3.888,47.9,0.148,0,normal
CYC_0146,509.1,10.46,1.978,0.71,66,54.3,10.384,1.043,11.898,107.9,3.887,60.4,0.1194,0,normal
CYC_0147,409.9,12.94,2.296,0.71,77,53.3,12.943,0.912,14.718,97.16,5.387,57.2,0.2318,0,normal
CYC_0148,328.1,11.7,3.349,0.71,79,26.2,11.455,0.658,12.884,115.31,6.088,29.5,0.0923,0,normal
CYC_0149,597.0,17.87,3.468,0.3,92,44.5,18.217,0.288,19.344,215.79,5.713,48.2,0.1372,0,normal
CYC_0150,528.6,17.58,1.966,0.3,63,28.8,17.632,0.589,18.552,108.31,5.322,45.6,0.134,1,overheating
CYC_0151,346.8,16.96,2.973,0.5,95,48.1,16.938,0.927,18.236,109.56,4.514,50.3,0.0745,0,normal
CYC_0152,541.1,11.76,2.089,1.0,73,40.8,11.253,0.368,13.471,118.08,5.086,48.4,0.1593,0,normal
CYC_0153,498.8,17.47,2.329,0.5,61,43.8,17.318,0.667,19.683,119.53,5.543,51.7,0.058,0,normal
CYC_0154,391.3,10.93,2.683,0.71,81,27.5,11.027,1.237,12.395,109.55,2.439,32.4,0.2219,0,normal
CYC_0155,572.9,8.3,2.556,0.3,98,25.5,8.553,2.089,13.926,156.57,4.811,28.5,0.1987,1,tension_spike
CYC_0156,475.7,13.33,3.262,0.3,86,37.3,13.392,1.029,15.855,165.02,8.478,40.7,0.1119,0,normal
CYC_0157,479.6,16.26,2.713,0.3,89,34.7,16.282,0.94,17.682,136.8,4.566,37.8,0.0829,0,normal
CYC_0158,494.9,16.06,3.331,1.0,71,38.6,16.105,0.881,17.307,174.19,7.564,40.0,0.1913,0,normal
CYC_0159,445.6,13.05,2.088,0.71,67,35.9,13.432,0.993,18.711,127.04,5.78,49.3,0.1912,1,combined_stress
CYC_0160,416.6,9.18,3.051,1.0,89,33.1,8.819,0.841,10.651,132.28,5.588,39.7,0.1185,0,normal
CYC_0161,386.9,14.13,2.681,0.71,64,27.4,13.771,0.824,16.023,107.89,2.912,28.4,0.1115,0,normal
CYC_0162,346.9,9.24,2.031,1.0,74,32.3,9.331,0.955,11.444,76.54,4.411,36.5,0.223,0,normal
CYC_0163,828.8,11.48,2.12,0.5,86,26.2,11.87,1.425,14.125,94.02,5.529,29.4,0.2209,1,speed_instability
CYC_0164,313.9,9.17,2.404,0.5,58,37.3,9.231,0.978,11.208,81.15,3.806,42.5,0.1254,0,normal
CYC_0165,588.6,8.52,2.915,0.5,69,32.3,8.79,0.805,11.589,265.34,6.695,42.6,0.1852,1,combined_stress
CYC_0166,377.3,14.2,1.599,1.0,74,47.1,14.387,2.445,19.504,61.42,3.488,49.7,0.0503,1,tension_spike
CYC_0167,359.9,12.42,2.193,0.3,57,36.9,12.808,0.569,13.491,79.24,2.314,39.2,0.0898,0,normal
CYC_0168,559.9,8.11,3.351,0.71,60,38.4,8.289,0.773,9.166,195.79,8.395,40.2,0.0748,0,normal
CYC_0169,847.0,15.16,2.085,0.71,91,27.7,15.246,1.169,16.603,101.34,11.564,33.7,0.1747,1,speed_instability
CYC_0170,368.6,17.5,2.019,0.3,78,35.2,17.715,1.011,19.226,76.57,2.837,39.8,0.1468,0,normal
CYC_0171,329.3,16.22,2.225,0.71,63,39.2,16.254,0.593,18.219,77.38,3.626,44.9,0.2093,0,normal
CYC_0172,528.5,8.29,1.594,0.71,51,37.7,8.48,0.917,10.385,87.32,2.159,45.2,0.129,0,normal
CYC_0173,597.1,13.06,1.549,1.0,91,48.4,13.438,0.568,14.162,185.7,13.586,54.7,0.2151,1,power_surge
CYC_0174,567.8,17.87,3.027,0.71,62,27.4,17.915,0.998,20.091,178.56,7.144,31.8,0.1608,0,normal
CYC_0175,490.0,8.45,2.604,0.71,64,38.6,8.162,0.996,9.669,136.34,3.002,39.7,0.0912,0,normal
CYC_0176,352.3,17.5,2.025,0.3,55,51.1,16.774,0.477,18.113,75.76,2.47,53.1,0.2414,0,normal
CYC_0177,504.9,11.97,2.02,0.3,73,50.9,11.795,0.468,12.845,106.62,2.474,57.9,0.0918,0,normal
CYC_0178,334.0,17.8,3.042,1.0,69,36.7,17.832,0.684,19.589,103.85,5.706,43.1,0.1004,0,normal
CYC_0179,385.5,14.18,1.913,0.5,89,47.3,14.31,0.54,16.025,79.61,2.622,52.6,0.1638,0,normal
CYC_0180,320.8,16.21,2.074,1.0,56,38.6,16.47,0.677,17.97,69.47,3.511,44.8,0.1152,0,normal
CYC_0181,597.2,9.53,1.635,0.3,54,45.8,9.395,0.485,10.966,104.64,4.462,48.8,0.2371,0,normal
CYC_0182,404.8,12.74,1.683,0.71,53,49.9,12.566,0.759,14.776,70.6,3.37,55.6,0.1963,0,normal
CYC_0183,596.4,10.24,3.123,0.5,85,26.2,10.43,0.723,16.383,418.21,9.609,42.0,0.0632,1,combined_stress
CYC_0184,450.5,17.82,2.356,0.71,86,45.0,17.61,0.573,19.494,110.74,5.819,50.7,0.2341,0,normal
CYC_0185,377.6,14.07,2.591,0.71,81,47.7,14.355,0.464,15.233,102.56,2.483,64.8,0.5321,1,overheating
CYC_0186,375.5,14.06,2.608,0.5,52,38.9,14.296,1.083,15.006,102.58,4.487,43.8,0.1478,0,normal
CYC_0187,415.8,13.7,3.136,1.0,82,37.7,13.539,0.466,15.394,137.25,5.883,41.9,0.1448,0,normal
CYC_0188,540.7,16.69,1.864,0.71,99,39.4,16.865,0.803,18.25,105.38,3.347,43.2,0.1751,0,normal
CYC_0189,464.6,8.39,1.942,1.0,79,31.2,7.98,0.531,8.628,93.5,5.474,34.8,0.118,0,normal
CYC_0190,312.2,17.04,2.633,0.3,63,30.4,17.408,0.76,18.194,87.1,2.038,33.4,0.0908,0,normal
CYC_0191,653.0,11.6,3.449,0.3,67,47.4,11.677,0.716,14.14,129.17,6.426,53.5,0.1506,1,speed_instability
CYC_0192,395.7,9.5,2.58,0.3,77,27.9,9.854,0.667,11.626,106.97,2.838,33.8,0.0907,0,normal
CYC_0193,349.9,13.76,2.159,0.5,86,44.5,14.284,0.791,15.167,136.73,4.802,52.4,0.1485,1,power_surge
CYC_0194,560.1,8.8,1.584,0.5,75,51.4,8.379,0.973,10.198,91.34,3.442,57.3,0.0573,0,normal
CYC_0195,323.1,15.26,2.259,0.5,70,49.4,15.457,0.655,17.84,75.09,3.148,52.5,0.0746,0,normal
CYC_0196,589.1,15.89,3.24,1.0,55,53.3,16.033,1.053,18.033,200.14,7.173,56.5,0.1683,0,normal
CYC_0197,311.1,11.58,1.522,0.5,84,37.8,11.851,1.116,12.842,49.14,2.29,39.3,0.2024,0,normal
CYC_0198,528.2,10.77,3.16,0.3,95,42.0,10.785,0.624,12.655,175.71,3.935,48.2,0.2267,0,normal
CYC_0199,343.5,13.52,1.851,0.3,70,38.2,13.299,0.866,14.913,69.01,3.174,44.8,0.2382,0,normal
CYC_0200,571.6,16.77,2.515,0.71,53,27.9,16.562,0.815,18.946,149.53,3.347,32.2,0.1733,0,normal
CYC_0201,388.4,17.53,3.156,0.71,58,35.5,16.939,0.843,18.426,118.7,11.024,40.0,0.1017,1,speed_instability
CYC_0202,319.1,14.28,1.708,0.5,90,25.3,14.152,0.716,15.963,58.4,2.17,29.2,0.1702,0,normal
CYC_0203,578.5,16.91,2.732,0.5,96,30.3,17.125,0.889,17.965,166.39,8.001,36.6,0.1955,0,normal
CYC_0204,550.6,13.9,2.211,0.5,75,28.9,13.968,0.421,15.679,127.78,7.45,36.5,0.0873,0,normal
CYC_0205,460.7,8.15,2.279,0.5,71,43.9,8.04,0.676,9.605,109.6,4.561,49.6,0.1214,0,normal
CYC_0206,534.0,8.41,2.392,1.0,56,46.2,8.355,0.583,9.63,134.09,5.363,50.7,0.1183,0,normal
CYC_0207,567.6,8.37,2.138,0.5,94,44.2,8.52,0.492,10.344,130.91,5.832,50.5,0.1371,0,normal
CYC_0208,512.1,13.28,1.551,1.0,95,39.4,13.227,0.721,13.771,82.1,4.858,41.5,0.0797,0,normal
CYC_0209,763.3,15.04,3.17,0.3,53,28.8,14.721,1.03,16.676,153.19,8.606,34.7,0.088,1,speed_instability
CYC_0210,582.1,16.94,3.244,0.5,73,50.2,17.526,0.563,19.325,197.06,8.659,54.3,0.0904,0,normal
CYC_0211,388.3,8.87,3.249,1.0,63,39.9,9.421,0.704,11.439,129.1,4.927,41.8,0.1833,0,normal
CYC_0212,461.8,9.5,1.78,0.5,71,26.8,9.834,0.53,12.052,85.57,1.949,28.5,0.1569,0,normal
CYC_0213,431.7,15.6,3.132,0.5,84,49.4,15.621,0.322,17.81,139.17,6.049,54.6,0.1165,0,normal
CYC_0214,325.6,12.81,2.2,1.0,74,50.9,12.2,0.985,13.187,77.78,3.316,54.3,0.2168,0,normal
CYC_0215,467.0,9.28,2.201,1.0,65,52.9,9.706,0.885,11.471,109.73,4.76,60.0,0.1169,0,normal
CYC_0216,321.2,9.39,2.737,1.0,52,31.8,9.352,0.908,10.907,90.63,3.823,33.1,0.2298,0,normal
CYC_0217,526.4,17.22,1.76,0.3,88,51.8,16.996,1.139,18.206,95.47,4.375,53.2,0.2031,0,normal
CYC_0218,373.2,11.69,2.448,0.5,85,54.0,11.597,0.807,13.515,97.12,4.62,57.1,0.1619,0,normal
CYC_0219,348.9,11.35,2.86,0.5,54,51.5,11.288,0.767,12.472,102.2,5.313,53.9,0.1797,0,normal
CYC_0220,358.6,9.07,1.654,1.0,98,29.2,9.134,0.956,9.767,62.46,2.851,33.7,0.0606,0,normal
CYC_0221,488.7,10.52,2.765,1.0,83,42.8,10.026,0.783,10.865,138.04,5.429,49.6,0.2133,0,normal
CYC_0222,453.4,12.1,3.475,0.3,78,34.8,12.059,0.708,13.103,165.84,3.724,41.7,0.1173,0,normal
CYC_0223,391.4,8.73,3.33,0.3,53,50.9,8.362,0.991,9.78,135.71,4.671,57.5,0.1507,0,normal
CYC_0224,517.8,14.68,3.335,1.0,94,37.9,14.82,0.926,17.085,182.46,8.763,44.0,0.2039,0,normal
CYC_0225,591.5,9.29,2.653,0.3,93,25.9,9.203,0.601,10.186,166.12,7.72,28.6,0.2423,0,normal
CYC_0226,582.4,8.34,1.822,0.3,90,49.7,8.679,0.699,10.529,108.83,4.9,56.1,0.2013,0,normal
CYC_0227,304.6,9.2,3.272,0.5,97,51.0,8.61,0.727,10.594,104.25,5.281,56.7,0.244,0,normal
CYC_0228,435.8,11.86,3.052,1.0,90,50.2,11.789,0.684,12.442,139.6,6.526,75.8,0.576,1,overheating
CYC_0229,439.7,13.72,2.727,0.5,88,36.9,13.685,0.482,15.509,125.28,4.469,42.3,0.1358,0,normal
CYC_0230,397.6,9.19,1.631,0.71,66,42.5,9.618,1.012,11.909,69.29,3.668,49.3,0.205,0,normal
CYC_0231,348.4,12.18,2.036,0.3,76,51.8,12.433,1.11,13.138,75.36,2.399,56.3,0.2352,0,normal
CYC_0232,441.7,16.9,1.986,1.0,57,27.4,17.276,0.648,19.104,92.45,4.162,32.2,0.2102,0,normal
CYC_0233,837.9,15.36,3.235,0.71,96,49.6,15.247,0.938,16.742,196.1,8.206,53.0,0.242,1,speed_instability
CYC_0234,317.4,11.89,3.369,0.3,85,45.5,11.703,0.492,13.883,112.84,2.985,47.4,0.177,0,normal
CYC_0235,416.5,9.52,3.152,0.5,68,35.6,9.802,1.104,11.733,140.44,8.19,40.2,0.2021,0,normal
CYC_0236,490.5,11.84,3.095,0.3,91,49.2,12.654,0.663,14.038,161.67,4.632,54.5,0.2365,0,normal
CYC_0237,442.3,12.39,2.461,1.0,81,30.4,12.468,0.814,14.207,115.33,2.916,31.9,0.1529,0,normal
CYC_0238,371.3,15.55,1.833,0.5,90,33.3,15.747,0.801,16.591,72.76,1.455,34.4,0.0603,0,normal
CYC_0239,572.5,13.2,2.701,1.0,74,51.0,13.227,0.747,15.646,160.3,8.538,54.0,0.1227,0,normal
CYC_0240,416.0,17.27,1.603,1.0,86,40.4,17.309,0.831,19.394,67.87,1.838,44.9,0.145,0,normal
CYC_0241,532.9,14.11,2.742,0.3,97,28.1,14.115,0.493,14.923,154.33,9.011,35.3,0.1853,0,normal
CYC_0242,377.4,14.33,2.956,0.3,84,44.7,14.202,0.783,14.722,115.19,6.048,47.2,0.0912,0,normal
CYC_0243,624.4,13.77,1.569,0.3,61,50.3,13.247,0.951,15.384,79.45,3.51,56.0,0.2236,1,speed_instability
CYC_0244,306.2,11.19,3.47,0.3,56,37.8,11.542,0.469,12.246,109.46,2.863,41.3,0.088,0,normal
CYC_0245,335.4,14.94,3.426,0.71,98,32.0,14.693,0.818,16.529,121.04,4.347,38.7,0.0569,0,normal
CYC_0246,452.6,16.14,2.666,0.71,77,41.2,16.442,0.803,17.557,124.66,2.562,45.7,0.0794,0,normal
CYC_0247,487.0,14.96,2.844,0.3,98,46.1,14.706,1.12,16.734,150.4,7.114,51.8,0.11,0,normal
CYC_0248,505.3,15.06,2.661,0.5,90,54.0,15.357,0.628,17.071,142.57,4.395,58.9,0.1979,0,normal
CYC_0249,550.8,11.49,2.686,1.0,65,30.9,11.437,0.658,12.127,154.95,7.004,33.2,0.0699,0,normal
CYC_0250,356.0,12.37,2.094,0.5,66,52.3,12.041,0.783,13.215,75.65,3.07,58.3,0.1591,0,normal
CYC_0251,461.3,9.99,1.651,1.0,99,33.2,9.776,1.872,17.677,79.11,2.998,34.7,0.107,1,tension_spike
CYC_0252,531.0,10.89,1.941,0.5,80,43.6,10.424,0.963,11.444,108.74,5.667,51.4,0.0738,0,normal
CYC_0253,519.9,10.9,2.02,1.0,91,47.3,10.932,2.35,17.554,108.48,5.851,53.1,0.1687,1,tension_spike
CYC_0254,566.1,9.92,3.4,1.0,66,43.5,10.036,0.661,10.687,203.33,11.166,46.0,0.1647,0,normal
CYC_0255,364.7,13.81,1.873,0.71,69,38.9,13.366,0.785,13.934,72.39,3.012,42.5,0.0573,0,normal
CYC_0256,444.6,16.68,2.637,0.71,96,27.0,17.238,0.636,19.555,82.57,7.312,32.1,0.2182,1,speed_instability
CYC_0257,482.9,9.14,1.774,0.5,81,35.4,9.406,0.566,10.022,86.59,3.659,37.0,0.2124,0,normal
CYC_0258,411.6,13.06,2.192,0.71,71,28.9,13.495,0.931,14.799,93.29,3.948,32.5,0.2383,0,normal
CYC_0259,450.8,14.72,3.3,0.71,91,36.1,14.78,0.97,16.062,155.19,5.231,38.3,0.1184,0,normal
CYC_0260,599.6,12.11,2.417,0.5,56,47.8,12.041,1.017,13.708,150.74,5.556,67.7,0.2301,1,overheating
CYC_0261,462.8,10.8,1.834,0.71,99,45.9,10.923,0.959,13.052,87.47,2.319,48.8,0.065,0,normal
CYC_0262,333.0,16.42,3.1,0.5,52,31.6,16.138,0.613,16.959,106.63,6.045,36.2,0.1156,0,normal
CYC_0263,358.7,11.42,1.513,0.5,91,43.7,11.26,1.103,12.095,55.64,2.458,51.6,0.0581,0,normal
CYC_0264,456.8,13.84,2.086,0.5,81,30.0,14.195,0.495,15.195,99.94,2.179,35.0,0.188,0,normal
CYC_0265,390.3,14.72,3.159,0.5,53,46.8,14.458,0.726,15.996,128.1,6.296,50.8,0.2319,0,normal
CYC_0266,353.1,11.77,2.131,0.3,82,45.2,11.549,0.106,13.655,77.43,2.659,51.8,0.1629,0,normal
CYC_0267,342.8,12.91,1.728,0.71,67,41.5,13.011,1.644,17.502,63.35,3.476,46.0,0.1219,1,tension_spike
CYC_0268,428.3,8.78,3.293,1.0,60,28.1,8.441,0.573,9.971,148.56,7.334,31.0,0.1132,0,normal
CYC_0269,567.3,8.09,2.954,1.0,65,46.0,8.05,0.973,9.232,231.88,27.4,48.0,0.1277,1,power_surge
CYC_0270,395.4,17.7,3.289,0.71,82,51.2,17.643,0.345,19.364,134.88,4.537,55.0,0.2333,0,normal
CYC_0271,563.2,11.29,1.65,0.71,73,32.7,11.232,0.914,12.239,95.73,4.146,36.6,0.0747,0,normal
CYC_0272,348.5,9.77,3.246,1.0,63,26.1,9.504,0.769,10.411,119.73,3.288,31.6,0.2295,0,normal
CYC_0273,428.5,13.94,1.966,0.71,76,45.8,14.193,0.802,15.083,87.34,2.905,52.5,0.2345,0,normal
CYC_0274,592.8,17.9,1.848,0.5,91,37.0,18.268,0.556,20.544,117.27,4.376,38.9,0.1343,0,normal
CYC_0275,486.9,9.54,3.059,0.5,73,36.4,9.702,1.017,11.961,152.85,3.542,39.9,0.0605,0,normal
CYC_0276,556.9,17.4,3.174,0.3,70,43.0,17.846,0.669,20.202,187.3,8.151,45.7,0.1313,0,normal
CYC_0277,384.6,13.83,2.876,0.3,83,45.9,13.866,1.1,15.765,115.34,4.64,48.5,0.2326,0,normal
CYC_0278,579.2,16.72,3.243,0.71,59,42.4,16.746,0.855,17.8,195.62,4.679,46.8,0.2376,0,normal
CYC_0279,473.5,17.29,3.389,0.5,53,34.7,17.295,0.914,18.986,171.51,5.749,42.5,0.0973,0,normal
CYC_0280,428.1,12.69,1.545,0.5,72,35.1,12.813,0.764,13.672,71.05,1.828,37.5,0.202,0,normal
CYC_0281,462.2,11.37,3.268,0.3,79,25.8,11.838,0.693,13.672,156.01,4.97,32.9,0.1376,0,normal
CYC_0282,410.3,12.85,3.442,0.3,87,29.5,12.182,0.68,14.128,145.88,3.16,36.1,0.0583,0,normal
CYC_0283,532.3,15.18,2.449,0.71,78,35.8,15.301,0.83,16.857,271.32,15.226,41.4,0.1817,1,power_surge
CYC_0284,554.8,15.48,1.568,0.71,73,53.0,15.298,0.484,16.543,87.84,3.669,57.4,0.1571,0,normal
CYC_0285,453.2,16.65,2.016,1.0,93,39.9,16.742,0.778,17.573,93.24,4.468,47.2,0.1695,0,normal
CYC_0286,440.3,8.92,2.659,1.0,70,35.7,9.187,0.889,15.868,170.32,2.526,43.1,0.1619,1,combined_stress
CYC_0287,477.2,9.87,1.963,0.5,50,38.5,9.762,0.961,11.784,96.31,2.731,46.1,0.2175,0,normal
CYC_0288,384.8,9.92,3.169,0.5,53,28.1,10.037,0.844,11.982,214.47,27.417,34.2,0.0965,1,power_surge
CYC_0289,553.5,10.29,3.06,1.0,92,25.7,10.468,0.451,12.166,175.98,4.818,29.1,0.2038,0,normal
CYC_0290,311.2,12.25,2.799,0.3,85,36.2,12.148,0.609,12.825,92.2,3.881,42.6,0.089,0,normal
CYC_0291,492.7,15.94,3.005,1.0,72,31.4,16.241,0.769,17.165,153.02,8.116,35.1,0.1747,0,normal
CYC_0292,338.1,9.15,1.961,0.71,95,43.1,9.22,1.016,10.585,65.08,2.803,44.2,0.0624,0,normal
CYC_0293,557.5,17.32,3.447,1.0,83,33.2,17.273,1.133,19.615,197.28,4.293,36.5,0.1051,0,normal
CYC_0294,447.5,12.63,3.149,0.5,69,46.3,12.192,0.6,13.942,147.13,6.732,53.8,0.0532,0,normal
CYC_0295,578.9,17.33,2.748,0.3,99,41.4,17.409,0.752,18.695,167.2,7.784,44.4,0.0823,0,normal
CYC_0296,341.3,10.58,2.694,0.5,96,42.8,10.766,0.808,12.214,98.34,3.714,45.5,0.155,0,normal
CYC_0297,396.9,16.1,3.016,0.3,71,41.0,15.837,0.988,18.139,124.01,2.88,43.8,0.1398,0,normal
CYC_0298,566.2,11.21,2.016,0.3,63,38.5,10.702,0.85,12.547,119.51,2.794,57.7,0.4127,1,overheating
CYC_0299,508.5,11.17,2.058,0.71,52,42.4,10.93,0.858,16.145,121.22,5.279,56.3,0.1774,1,combined_stress
CYC_0300,794.8,11.91,2.972,0.71,98,50.8,11.789,1.447,13.623,179.3,16.192,53.6,0.1812,1,speed_instability
CYC_0301,428.5,11.94,2.639,1.0,65,44.9,11.704,0.719,12.417,120.84,5.322,63.2,0.2409,1,overheating
CYC_0302,447.8,13.32,1.741,0.71,67,45.0,12.801,0.992,14.398,82.65,2.859,48.3,0.1018,0,normal
CYC_0303,323.5,13.96,1.949,0.3,77,46.5,14.105,0.785,15.103,65.44,3.478,50.4,0.1131,0,normal
CYC_0304,327.1,11.51,2.077,1.0,91,47.0,11.772,1.238,12.502,74.22,4.011,52.7,0.1769,0,normal
CYC_0305,455.6,16.5,1.537,0.5,65,31.0,16.223,0.668,16.762,78.15,1.566,33.3,0.2338,0,normal
CYC_0306,569.1,9.72,1.774,0.3,69,32.5,10.542,0.546,11.975,107.34,5.382,37.5,0.2451,0,normal
CYC_0307,471.0,14.46,2.46,0.71,99,31.5,13.913,0.685,15.846,117.0,2.63,37.5,0.211,0,normal
CYC_0308,473.1,13.12,1.96,0.3,82,39.7,13.47,0.639,15.515,98.03,4.824,45.4,0.1555,0,normal
CYC_0309,561.4,8.26,2.372,0.71,72,44.3,8.309,0.652,9.196,140.85,7.833,49.4,0.1983,0,normal
CYC_0310,542.2,13.94,3.237,1.0,92,32.4,14.017,0.934,16.014,185.46,4.376,37.8,0.0891,0,normal
CYC_0311,487.8,14.24,3.235,1.0,63,44.0,14.141,0.986,15.099,164.54,8.691,45.2,0.1663,0,normal
CYC_0312,379.6,14.18,3.389,0.71,80,54.6,13.916,0.495,15.73,134.13,5.355,61.7,0.1144,0,normal
CYC_0313,582.0,16.1,3.032,0.71,85,52.4,16.037,0.735,17.26,345.64,11.709,59.2,0.0827,1,power_surge
CYC_0314,428.7,13.65,3.438,0.71,65,27.4,13.438,0.945,15.105,153.11,4.197,29.1,0.1164,0,normal
CYC_0315,558.2,10.73,2.583,0.71,79,48.7,10.959,0.641,11.918,150.6,4.779,55.7,0.2404,0,normal
CYC_0316,310.8,13.57,2.435,0.3,88,36.0,13.425,0.821,14.454,80.24,2.012,41.7,0.1467,0,normal
CYC_0317,315.1,17.67,2.825,0.3,51,39.1,17.855,0.431,19.464,91.78,4.414,62.8,0.1825,1,overheating
CYC_0318,526.7,16.23,2.184,0.3,51,49.1,15.83,0.843,17.039,118.48,5.362,54.2,0.0512,0,normal
CYC_0319,330.2,9.11,2.734,0.71,71,42.6,9.261,0.671,11.143,94.71,3.877,45.3,0.1437,0,normal
CYC_0320,521.4,16.42,2.602,0.3,92,32.7,16.248,0.854,16.793,141.04,5.108,36.8,0.2016,0,normal
CYC_0321,401.3,13.55,2.551,1.0,96,54.9,13.438,0.81,14.968,106.48,5.025,61.1,0.143,0,normal
CYC_0322,431.9,14.81,2.37,0.71,66,41.4,15.081,2.431,20.609,106.25,5.952,48.5,0.1929,1,tension_spike
CYC_0323,377.6,16.13,1.797,1.0,85,47.8,15.964,1.005,18.11,71.55,3.703,54.3,0.1327,0,normal
CYC_0324,788.0,10.11,1.791,0.5,91,42.6,9.684,1.234,10.432,73.08,7.014,48.0,0.1844,1,speed_instability
CYC_0325,462.8,11.75,2.619,1.0,63,27.2,11.816,0.775,13.727,125.95,7.002,31.1,0.2335,0,normal
CYC_0326,328.2,14.69,3.258,0.3,75,25.2,14.342,0.686,15.28,112.09,4.042,26.5,0.1728,0,normal
CYC_0327,397.6,17.01,1.857,1.0,67,40.5,16.403,0.962,17.222,79.04,4.011,45.7,0.1225,0,normal
CYC_0328,574.5,10.11,2.138,0.3,53,45.2,10.918,0.69,12.76,125.1,4.082,52.8,0.1259,0,normal
CYC_0329,545.2,8.76,2.877,0.3,86,48.2,8.693,0.608,10.264,163.3,5.263,53.7,0.0579,0,normal
CYC_0330,563.2,11.46,3.364,1.0,55,39.9,10.967,0.837,11.505,199.1,7.031,40.9,0.227,0,normal
CYC_0331,518.5,14.2,2.976,0.71,97,42.8,15.009,0.475,16.51,159.34,7.726,44.8,0.1304,0,normal
CYC_0332,549.7,17.51,1.749,0.5,92,29.9,17.072,0.629,18.439,101.28,3.112,35.7,0.1589,0,normal
CYC_0333,542.5,15.01,2.338,0.5,85,36.1,14.952,0.803,15.577,130.54,6.464,38.3,0.1121,0,normal
CYC_0334,477.7,11.51,2.975,0.71,74,54.5,10.96,0.652,13.215,147.61,4.372,62.2,0.1078,0,normal
CYC_0335,503.3,13.14,2.827,0.5,83,54.1,12.836,0.89,13.748,150.4,5.294,55.5,0.1997,0,normal
CYC_0336,449.2,10.29,2.803,1.0,50,51.0,10.601,0.865,11.546,131.95,2.725,56.2,0.1203,0,normal
CYC_0337,525.3,14.97,2.999,1.0,97,27.6,14.667,0.627,16.353,166.33,6.928,35.2,0.1902,0,normal
CYC_0338,352.0,15.48,2.856,0.3,64,42.0,15.668,1.05,17.342,108.28,2.402,43.9,0.1254,0,normal
CYC_0339,470.5,10.09,2.095,0.71,61,40.2,10.196,0.551,11.435,102.73,4.675,43.0,0.0893,0,normal
CYC_0340,448.1,11.53,1.91,1.0,93,31.0,11.297,0.824,12.416,89.25,4.818,37.5,0.0551,0,normal
CYC_0341,532.5,13.58,3.0,0.71,80,39.4,13.645,1.196,15.188,167.25,6.096,43.3,0.0858,0,normal
CYC_0342,582.1,8.2,2.579,0.71,66,54.1,7.692,0.882,9.228,158.06,8.923,61.1,0.1701,0,normal
CYC_0343,481.0,16.0,2.182,0.5,65,30.5,15.786,0.806,20.332,175.47,4.869,41.0,0.16,1,combined_stress
CYC_0344,544.3,15.2,3.022,1.0,88,43.2,14.97,0.99,16.881,172.46,6.117,47.0,0.1631,0,normal
CYC_0345,581.0,12.92,2.493,0.5,53,35.8,13.365,0.833,14.003,153.65,9.141,41.5,0.2296,0,normal
CYC_0346,448.6,17.87,2.827,1.0,99,48.3,17.738,0.644,20.141,132.49,3.478,49.8,0.1594,0,normal
CYC_0347,882.8,8.1,2.795,0.71,62,53.7,7.928,1.296,8.483,128.07,14.758,55.5,0.1375,1,speed_instability
CYC_0348,481.8,12.58,3.278,1.0,66,45.5,12.788,0.878,19.462,326.13,5.776,57.6,0.1059,1,combined_stress
CYC_0349,330.4,10.06,2.885,0.5,65,50.3,10.058,0.641,11.641,99.28,4.436,53.2,0.1695,0,normal
CYC_0350,412.7,9.71,2.335,0.3,55,41.3,9.695,0.896,11.584,101.24,4.38,48.5,0.1536,0,normal
CYC_0351,350.8,12.32,3.496,0.71,75,25.9,12.237,0.61,13.894,124.71,3.095,28.7,0.1557,0,normal
CYC_0352,401.4,13.71,2.719,0.5,70,52.9,13.589,0.832,15.265,94.31,6.112,60.3,0.1549,1,speed_instability
CYC_0353,346.8,11.2,2.348,0.71,80,39.7,11.006,0.744,13.421,85.95,3.075,41.2,0.2066,0,normal
CYC_0354,580.8,10.84,3.034,0.3,54,45.7,10.996,0.822,11.809,185.43,10.898,47.9,0.1539,0,normal
CYC_0355,316.5,12.45,2.557,0.71,63,26.5,12.33,2.603,20.239,90.15,2.143,31.8,0.2351,1,tension_spike
CYC_0356,309.4,14.98,1.916,0.5,92,25.9,14.829,0.956,16.036,61.01,3.487,32.5,0.0982,0,normal
CYC_0357,591.9,12.63,3.224,0.5,68,25.1,13.082,0.843,13.598,201.55,6.065,32.2,0.2216,0,normal
CYC_0358,460.7,16.96,1.864,0.71,51,42.9,16.741,1.013,21.468,154.61,2.484,57.3,0.1761,1,combined_stress
CYC_0359,367.3,8.82,1.579,1.0,80,26.7,8.763,0.83,10.13,56.96,2.473,33.6,0.2054,0,normal
CYC_0360,305.0,15.84,3.374,0.3,69,30.4,16.071,0.874,17.355,104.82,4.642,33.0,0.1465,0,normal
CYC_0361,307.6,17.74,1.526,0.5,71,44.1,17.623,0.756,19.194,48.46,1.631,50.0,0.0611,0,normal
CYC_0362,546.8,13.08,2.715,0.5,55,31.8,13.048,0.338,14.946,155.05,6.793,35.6,0.151,0,normal
CYC_0363,371.2,17.21,3.35,0.71,98,53.1,17.668,0.918,19.286,133.66,3.133,60.8,0.0864,0,normal
CYC_0364,381.4,14.49,2.407,1.0,67,48.9,14.416,0.743,16.49,97.73,5.002,56.0,0.1755,0,normal
CYC_0365,456.0,15.53,3.494,0.3,89,26.0,15.762,0.989,16.663,166.88,9.119,33.1,0.2411,0,normal
CYC_0366,319.5,14.18,1.782,0.71,99,31.4,14.539,0.867,15.467,58.85,3.118,35.1,0.082,0,normal
CYC_0367,510.7,9.61,1.721,0.5,94,37.2,9.242,0.964,10.118,91.92,2.262,41.8,0.2366,0,normal
CYC_0368,483.5,15.95,2.317,0.5,67,34.2,16.025,1.077,18.092,117.86,5.095,37.6,0.1136,0,normal
CYC_0369,492.6,9.69,1.87,1.0,53,30.0,9.456,0.894,11.563,97.61,4.803,33.2,0.1797,0,normal
CYC_0370,421.5,17.75,2.793,0.5,78,49.6,17.77,0.405,20.105,122.67,3.765,70.1,0.3412,1,overheating
CYC_0371,454.3,16.88,2.194,0.5,89,33.2,16.707,0.813,17.605,103.44,3.771,34.9,0.1068,0,normal
CYC_0372,535.1,10.44,2.537,1.0,58,33.0,10.22,0.64,11.061,256.13,26.025,35.5,0.0913,1,power_surge
CYC_0373,538.4,15.13,1.574,0.71,79,38.6,15.501,0.91,16.012,88.32,4.628,44.5,0.1938,0,normal
CYC_0374,484.5,11.56,3.247,1.0,62,36.8,11.01,0.938,11.915,167.07,6.722,43.8,0.067,0,normal
CYC_0375,386.0,15.69,3.482,0.5,84,36.7,15.365,0.994,17.422,141.28,6.976,39.4,0.0712,0,normal
CYC_0376,490.1,9.36,1.991,1.0,85,43.7,9.806,0.968,11.569,100.88,2.07,48.6,0.1998,0,normal
CYC_0377,303.2,17.67,1.602,0.71,80,34.5,17.659,1.579,26.32,58.97,2.321,36.9,0.2248,1,tension_spike
CYC_0378,409.1,12.51,1.736,0.5,50,27.2,11.94,0.868,14.222,74.39,2.136,29.6,0.1184,0,normal
CYC_0379,548.6,15.46,2.549,0.3,58,34.3,15.47,0.712,16.879,148.88,3.074,35.7,0.0884,0,normal
CYC_0380,397.0,17.45,2.045,0.3,91,44.5,17.254,0.67,17.921,82.77,2.635,49.5,0.1988,0,normal
CYC_0381,302.1,8.56,2.767,0.5,88,44.8,8.623,1.134,9.358,87.44,3.587,49.8,0.1976,0,normal
CYC_0382,386.3,10.14,3.386,1.0,64,31.2,10.156,1.212,17.442,226.93,5.67,49.4,0.1307,1,combined_stress
CYC_0383,480.3,17.05,2.402,1.0,64,33.2,16.841,0.816,18.686,120.47,6.291,37.8,0.0641,0,normal
CYC_0384,466.3,9.4,1.674,0.5,69,33.5,8.94,0.849,10.161,81.15,3.299,41.0,0.1064,0,normal
CYC_0385,301.9,16.44,2.435,1.0,82,26.5,16.692,0.691,23.24,93.74,4.488,37.4,0.2001,1,combined_stress
CYC_0386,384.3,17.62,2.302,1.0,89,25.3,18.16,0.882,19.156,90.25,1.95,27.3,0.2376,0,normal
CYC_0387,315.5,13.33,1.616,0.71,85,40.6,13.381,0.715,14.996,52.45,2.954,45.2,0.0736,0,normal
CYC_0388,354.5,14.32,3.24,0.3,54,45.8,14.21,0.802,16.207,122.67,4.458,47.8,0.2411,0,normal
CYC_0389,501.6,9.34,2.538,0.5,76,52.0,9.42,0.808,11.313,133.97,6.858,58.6,0.219,0,normal
CYC_0390,336.6,8.85,1.526,0.5,74,51.1,9.099,0.745,9.761,49.96,2.983,58.5,0.0812,0,normal
CYC_0391,384.6,14.41,2.583,0.3,71,41.4,14.475,0.543,15.885,102.99,2.271,44.0,0.0542,0,normal
CYC_0392,588.2,8.73,2.752,0.71,78,42.9,8.766,0.846,10.173,242.14,17.805,48.1,0.0552,1,power_surge
CYC_0393,402.9,10.38,2.108,0.71,53,38.2,10.343,1.668,18.631,92.52,2.972,42.2,0.1054,1,tension_spike
CYC_0394,397.6,8.61,1.861,0.5,95,26.2,8.887,1.038,10.029,77.37,1.724,29.8,0.1361,0,normal
CYC_0395,538.7,16.66,3.4,0.5,59,38.1,17.037,0.846,18.186,190.78,4.971,44.1,0.147,0,normal
CYC_0396,400.7,14.88,1.767,0.71,84,27.3,14.907,0.784,15.963,72.22,3.489,45.3,0.4144,1,overheating
CYC_0397,443.1,17.67,2.508,1.0,97,51.1,17.34,1.979,23.49,115.6,4.91,57.5,0.1994,1,tension_spike
CYC_0398,511.1,16.17,2.49,0.3,67,45.4,16.283,1.187,18.457,127.96,3.994,47.3,0.1618,0,normal
CYC_0399,384.2,13.33,2.18,0.3,96,34.2,13.441,1.082,15.108,85.65,2.364,38.8,0.0743,0,normal
CYC_0400,499.1,11.64,3.198,1.0,53,49.2,11.966,0.868,14.402,168.34,9.09,51.6,0.1287,0,normal
CYC_0401,495.6,14.28,3.388,0.5,68,33.1,14.528,0.85,16.636,174.16,6.817,40.4,0.0676,0,normal
CYC_0402,456.7,14.11,1.853,0.3,93,45.0,14.377,0.999,14.94,90.91,3.074,49.9,0.1654,0,normal
CYC_0403,391.0,8.64,3.09,1.0,66,30.6,8.683,0.915,10.221,168.26,15.35,33.0,0.1538,1,power_surge
CYC_0404,415.5,13.37,2.558,0.3,60,43.5,13.147,0.992,14.842,110.84,4.045,49.5,0.1747,0,normal
CYC_0405,454.6,10.67,3.361,0.3,99,43.5,10.626,0.615,15.373,303.4,6.666,61.9,0.245,1,combined_stress
CYC_0406,463.1,8.68,2.027,0.3,63,49.4,8.469,0.682,10.21,100.71,4.457,64.9,0.1642,1,overheating
CYC_0407,491.2,9.34,3.356,0.3,73,35.2,9.419,0.908,10.565,169.04,4.351,39.8,0.2188,0,normal
CYC_0408,450.9,9.17,2.917,0.3,86,53.5,9.293,1.163,10.987,140.3,7.443,61.5,0.2033,0,normal
CYC_0409,388.1,10.85,2.074,0.3,91,48.5,10.722,1.027,12.614,81.7,2.99,52.7,0.1505,0,normal
CYC_0410,325.2,10.79,2.584,1.0,78,30.0,10.728,0.943,13.031,89.4,4.002,34.0,0.0637,0,normal
CYC_0411,489.7,10.13,2.706,0.5,58,31.3,9.923,0.845,12.164,139.01,4.195,35.5,0.1401,0,normal
CYC_0412,572.8,11.71,3.422,0.5,70,50.3,11.851,0.702,13.962,205.83,12.163,53.8,0.1255,0,normal
CYC_0413,523.9,10.77,2.636,0.5,68,28.7,10.606,0.682,11.546,140.92,3.413,32.0,0.0831,0,normal
CYC_0414,399.8,11.42,2.887,0.3,85,54.5,11.17,0.671,12.619,121.89,5.049,66.5,0.5111,1,overheating
CYC_0415,327.9,9.39,3.099,1.0,88,32.1,9.12,0.846,10.59,106.31,3.467,38.4,0.2178,0,normal
CYC_0416,381.2,14.82,1.808,0.3,56,47.9,14.556,0.818,16.706,71.48,3.588,53.6,0.1642,0,normal
CYC_0417,329.2,13.71,2.755,1.0,52,44.8,13.5,0.467,14.542,94.3,3.166,49.1,0.0872,0,normal
CYC_0418,374.8,9.63,3.285,0.3,62,51.1,9.664,0.792,12.07,129.88,3.941,54.0,0.068,0,normal
CYC_0419,568.4,17.06,3.296,0.71,81,28.8,17.136,0.534,18.378,195.42,6.49,31.0,0.2396,0,normal
CYC_0420,542.1,17.47,2.916,1.0,70,46.5,17.655,1.003,20.077,165.68,7.117,51.4,0.0767,0,normal
CYC_0421,585.2,17.03,1.805,0.3,69,25.7,17.048,0.674,18.714,110.32,4.38,33.4,0.1096,0,normal
CYC_0422,587.7,11.16,3.036,0.3,86,32.3,11.415,1.058,12.39,186.45,8.82,49.7,0.1416,1,overheating
CYC_0423,695.7,17.76,2.05,1.0,93,53.9,18.239,0.835,19.14,119.04,5.279,61.5,0.1182,1,speed_instability
CYC_0424,355.5,8.84,2.691,0.3,62,43.5,8.486,0.951,10.472,101.72,3.937,46.1,0.1205,0,normal
CYC_0425,340.3,11.72,2.168,1.0,75,39.3,11.447,1.728,17.66,76.45,3.07,44.0,0.1074,1,tension_spike
CYC_0426,558.9,14.29,1.962,1.0,88,43.5,14.458,0.994,15.169,114.14,5.037,47.0,0.0975,0,normal
CYC_0427,302.8,12.61,2.818,0.71,86,39.2,11.959,0.703,13.238,86.22,3.252,43.1,0.2131,0,normal
CYC_0428,589.7,8.84,2.497,0.5,98,44.6,9.071,0.675,10.066,156.92,4.119,46.2,0.0835,0,normal
CYC_0429,455.5,10.37,2.336,1.0,79,44.7,10.606,0.595,11.536,110.13,6.598,51.6,0.1375,0,normal
CYC_0430,568.0,10.48,2.484,0.71,98,44.7,10.488,2.147,17.017,145.98,4.768,46.5,0.0682,1,tension_spike
CYC_0431,588.4,15.62,3.164,0.71,99,45.0,15.356,0.534,16.603,194.21,5.32,52.9,0.0952,0,normal
CYC_0432,514.0,14.2,3.211,1.0,89,29.0,14.569,0.77,16.697,171.42,4.928,31.5,0.072,0,normal
CYC_0433,329.4,11.77,2.685,0.3,60,40.8,12.083,0.672,13.71,89.07,3.348,46.8,0.0699,0,normal
CYC_0434,803.1,9.26,1.771,0.3,55,42.4,9.115,0.867,9.835,95.4,4.678,50.3,0.2263,1,speed_instability
CYC_0435,581.8,12.24,1.92,0.3,65,28.5,12.3,1.114,12.937,113.2,4.2,36.4,0.1284,0,normal
CYC_0436,484.8,17.0,3.257,0.3,70,39.5,16.27,0.626,18.283,162.99,5.758,43.1,0.1866,0,normal
CYC_0437,563.2,9.02,2.343,1.0,94,55.0,8.722,0.594,10.071,138.04,5.255,59.8,0.1054,0,normal
CYC_0438,586.2,11.22,3.081,0.3,55,27.8,11.027,0.535,11.808,193.31,4.028,29.8,0.0833,0,normal
CYC_0439,363.7,13.73,3.342,1.0,54,48.8,13.763,0.867,14.448,127.42,4.389,56.5,0.0656,0,normal
CYC_0440,508.8,17.3,2.66,0.3,65,25.2,16.963,1.089,19.461,138.58,7.365,32.0,0.2033,0,normal
CYC_0441,566.2,17.5,1.699,0.5,70,26.0,17.049,1.11,17.92,98.14,2.879,30.3,0.1438,0,normal
CYC_0442,353.2,12.01,1.636,1.0,50,37.1,11.968,1.05,14.144,62.06,1.395,38.6,0.1276,0,normal
CYC_0443,574.0,13.25,1.536,1.0,54,37.1,13.609,0.916,15.702,87.84,4.034,38.9,0.145,0,normal
CYC_0444,396.2,11.92,2.938,0.3,61,46.5,12.554,0.687,13.288,120.51,5.137,54.5,0.1999,0,normal
CYC_0445,425.9,10.02,2.245,1.0,92,49.1,10.096,0.601,11.728,100.44,5.769,50.5,0.2349,0,normal
CYC_0446,865.6,16.45,3.173,0.3,91,26.7,16.683,0.93,18.126,176.92,9.175,32.9,0.2351,1,speed_instability
CYC_0447,582.9,15.69,1.843,0.71,57,54.2,15.792,0.759,16.614,111.32,6.438,61.6,0.0954,0,normal
CYC_0448,454.9,11.22,2.292,0.5,79,42.4,10.905,1.012,12.055,108.87,4.772,50.3,0.058,0,normal
CYC_0449,350.7,11.67,1.725,1.0,99,45.3,11.879,0.774,18.513,113.15,3.045,60.8,0.0733,1,combined_stress
CYC_0450,375.1,15.31,1.759,0.71,62,52.8,15.579,0.6,17.795,71.95,1.797,55.6,0.1702,0,normal
CYC_0451,411.0,11.27,2.752,1.0,69,38.3,11.129,0.595,12.87,119.61,2.664,41.6,0.1734,0,normal
CYC_0452,479.4,9.11,1.91,1.0,81,45.6,9.268,0.904,11.61,93.52,3.981,52.2,0.0782,0,normal
CYC_0453,463.7,15.44,2.987,1.0,61,33.2,15.215,0.694,16.625,144.59,4.167,34.3,0.0868,0,normal
CYC_0454,590.9,15.77,1.634,0.71,81,48.9,15.551,0.787,17.527,99.42,4.452,52.7,0.0586,0,normal
CYC_0455,326.1,14.77,2.883,0.71,92,30.6,14.868,0.971,15.903,208.96,10.372,36.2,0.1173,1,power_surge
CYC_0456,493.6,16.62,1.562,0.5,80,32.4,16.547,0.715,18.062,81.41,1.938,35.0,0.193,0,normal
CYC_0457,383.7,11.09,2.655,0.71,61,52.3,10.783,0.504,13.174,159.77,11.77,55.1,0.0731,1,power_surge
CYC_0458,372.6,9.52,3.138,0.5,89,38.6,9.147,1.035,11.334,123.03,5.818,45.1,0.1827,0,normal
CYC_0459,429.5,8.61,3.144,0.5,74,44.2,8.587,1.031,10.6,301.3,19.926,48.1,0.2248,1,power_surge
CYC_0460,466.6,9.29,2.37,0.3,87,28.9,8.668,0.966,10.841,113.47,4.097,36.5,0.2455,0,normal
CYC_0461,477.3,11.48,2.452,0.3,63,32.1,12.007,0.554,13.892,122.95,5.158,39.3,0.1084,0,normal
CYC_0462,313.6,8.56,2.63,0.3,64,26.9,8.908,0.589,10.145,88.61,4.215,32.0,0.1263,0,normal
CYC_0463,464.0,11.76,2.504,0.3,51,52.6,11.703,0.755,13.436,118.84,3.753,59.4,0.2407,0,normal
CYC_0464,419.6,10.32,2.034,0.3,56,53.9,10.394,1.044,12.876,91.98,5.16,57.3,0.0659,0,normal
CYC_0465,516.7,12.47,2.893,0.71,77,25.9,12.702,0.742,14.735,154.7,5.979,31.4,0.1952,0,normal
CYC_0466,555.3,13.87,3.378,1.0,88,51.1,13.585,1.007,15.394,193.62,11.112,57.3,0.1705,0,normal
CYC_0467,341.8,15.9,1.509,1.0,81,29.5,16.161,0.956,17.839,53.67,2.451,33.4,0.2039,0,normal
CYC_0468,588.8,12.12,2.574,1.0,59,25.5,11.571,0.693,12.206,160.74,6.281,32.0,0.1234,0,normal
CYC_0469,583.4,15.4,1.709,0.3,94,26.7,15.992,1.882,21.521,104.44,5.716,34.7,0.1893,1,tension_spike
CYC_0470,410.3,15.04,1.666,0.5,62,52.4,14.498,0.694,15.822,73.06,2.503,59.6,0.1848,0,normal
CYC_0471,539.5,9.12,2.269,0.71,69,49.2,9.453,1.092,10.482,128.84,7.424,55.1,0.0524,0,normal
CYC_0472,473.9,11.21,2.788,0.3,65,30.8,11.146,0.69,12.218,206.92,12.002,33.0,0.2217,1,power_surge
CYC_0473,569.2,14.41,2.889,0.3,70,27.2,14.208,0.559,15.375,173.19,4.387,33.0,0.1601,0,normal
CYC_0474,541.0,17.08,3.374,0.71,55,29.1,16.92,0.637,18.639,193.06,4.983,31.8,0.1577,0,normal
CYC_0475,408.1,10.42,2.525,0.5,90,27.2,10.493,0.831,11.729,106.65,5.853,29.2,0.2037,0,normal
CYC_0476,516.1,16.63,3.33,0.3,85,44.2,16.562,2.017,26.504,177.23,3.67,48.3,0.2426,1,tension_spike
CYC_0477,430.2,13.03,2.631,0.5,97,32.7,12.81,0.497,14.472,117.15,5.152,37.3,0.1706,0,normal
CYC_0478,508.8,11.63,2.304,0.3,59,45.3,11.777,1.011,13.225,123.62,4.341,46.7,0.0895,0,normal
CYC_0479,538.6,10.55,2.892,0.3,77,43.2,10.168,0.927,12.66,162.35,9.349,44.8,0.1655,0,normal
CYC_0480,383.6,15.72,2.695,0.71,92,26.2,15.528,0.753,16.467,106.46,2.531,28.7,0.2197,0,normal
CYC_0481,425.2,16.13,1.779,0.3,96,41.7,16.396,0.661,16.9,83.08,4.654,46.8,0.2262,0,normal
CYC_0482,371.9,16.52,2.83,0.5,59,42.4,16.382,0.433,18.114,109.12,6.191,46.2,0.2088,0,normal
CYC_0483,472.6,15.89,1.558,0.5,98,52.0,15.814,0.904,17.922,76.46,2.796,57.7,0.2318,0,normal
CYC_0484,332.4,17.86,1.671,0.3,71,46.2,18.019,0.272,19.233,56.17,2.198,51.2,0.172,0,normal
CYC_0485,328.3,9.27,2.764,1.0,66,47.1,9.401,0.578,11.199,94.3,4.4,55.1,0.2469,0,normal
CYC_0486,491.3,10.81,1.976,0.5,62,35.5,11.187,0.526,11.828,102.48,4.888,37.6,0.0908,0,normal
CYC_0487,590.0,13.96,1.827,0.71,54,30.5,13.67,0.637,14.638,108.03,5.726,43.0,0.4946,1,overheating
CYC_0488,406.8,9.64,2.947,1.0,53,34.3,9.534,0.577,11.343,125.07,4.909,38.3,0.1471,0,normal
CYC_0489,513.7,16.74,2.911,0.3,68,40.9,16.967,0.82,19.462,157.05,6.542,43.2,0.2195,0,normal
CYC_0490,663.2,9.34,3.236,0.3,67,34.8,9.098,1.515,11.427,110.95,7.035,36.0,0.1089,1,speed_instability
CYC_0491,568.8,11.81,2.475,0.5,86,29.8,11.79,0.935,13.168,147.37,6.49,34.6,0.0832,0,normal
CYC_0492,538.2,12.09,1.757,0.3,53,26.0,11.818,1.646,18.736,98.66,3.979,28.9,0.1179,1,tension_spike
CYC_0493,483.6,15.92,3.106,0.5,96,53.5,15.941,0.579,16.459,155.93,4.325,59.0,0.1524,0,normal
CYC_0494,458.9,9.28,1.993,0.3,70,54.1,9.416,1.078,11.559,93.57,4.389,57.2,0.0985,0,normal
CYC_0495,359.6,17.7,2.041,0.71,70,50.8,17.804,0.517,19.954,78.95,4.313,56.5,0.1127,0,normal
CYC_0496,423.1,17.11,3.135,0.5,67,46.4,17.418,1.204,18.571,139.94,2.955,50.4,0.2322,0,normal
CYC_0497,542.8,9.73,2.093,1.0,84,42.0,9.749,0.588,11.014,119.92,4.256,48.8,0.1156,0,normal
CYC_0498,412.4,17.06,3.201,0.3,93,26.3,17.423,0.659,18.701,138.39,3.035,28.1,0.0752,0,normal
CYC_0499,777.5,10.73,3.355,0.3,88,45.1,10.633,1.331,11.502,170.99,11.487,47.1,0.1443,1,speed_instability
CYC_0500,394.3,11.1,1.863,0.3,71,26.6,11.508,0.785,13.587,77.15,2.979,31.8,0.0661,0,normal
